post content,leavemessage content,num of content likes,post_time,num of posts,num of followers,num of follows,num of tags,avg response,one month posts
".
—
『聖誕主題-暗黑麋鹿』
來點不一樣的聖誕節作品
嘗試新的打燈方式和燈串佈景
希望大家會喜歡這次的創作
—
In frame: @ting851204
Hair&Makeup: @_sandy.beauty
—
#cbx_photography#canon#nikon#photography#portraitphotography#instagood#photooftheday#cute#followme#portraits#人像#攝影#人像攝影#台中#聖誕節#麋鹿#外拍#棚拍#暗黑#形象照#正妹#個人寫真#被?体#?真#?真好??人??????#?真撮???人??????","lyon_1126
超愛??
1 天回覆",118,2019/12/24,237,3528,990,6,2,66
".
—
我的版面上真的很少出現後面幾張那種俏皮照
為了跟服裝搭配不然我蠻少這樣引導的
—
In frame: @j.xinnh
—
#cbx_photography#nikon#photography#portraitphotography#instagood#photooftheday#cute#followme#portraits#人像#攝影#人像攝影#台中#亞洲大學#外拍#棚拍#耳機#商業攝影#形象照#正妹#個人寫真#被?体#?真#?真好??人??????#?真撮???人??????","cofdiserm_
差點以為在代言哈哈哈
3 天回覆",127,2019/12/22,237,3528,990,6,2,66
".
—
這天跟著師父去學習拍商品人像
剛開始真的不知道在拍什麼
幸好後來有 @ywl.89的指導才有比較像樣的作品
—
In frame: @j.xinnh
—
#cbx_photography#nikon#photography#portraitphotography#instagood#photooftheday#cute#followme#portraits#人像#攝影#人像攝影#台中#亞洲大學#外拍#棚拍#耳機#商業攝影#形象照#正妹#個人寫真#被?体#?真#?真好??人??????#?真撮???人??????","ywl.89
不客氣??
5 天回覆",125,2019/12/20,237,3528,990,6,2,66
".
—
亞洲大學真的蠻多地方好拍的
如果想不到去哪拍照可以選擇這裡
但若是想拍操場的話我就不推薦了
—
In frame: @j.xinnh
—
#cbx_photography#nikon#photography#portraitphotography#instagood#photooftheday#cute#followme#portraits#人像#攝影#人像攝影#台中#亞洲大學#外拍#棚拍#耳機#商業攝影#形象照#正妹#個人寫真#被?体#?真#?真好??人??????#?真撮???人??????",,152,2019/12/18,237,3528,990,6,2,66
".
—
關於相機設備的更換
聽到很多人都是希望能夠有更好的性能更好的寬容度
但我覺得設備只是輔助你主要還是自身的技術
等練熟覺得設備不夠用再換也不遲
—
In frame: @uuoo__990
Hair&Makeup: @_sandy.beauty
—
#cbx_photography#nikon#photography#portraitphotography#instagood#photooftheday#cute#followme#portraits#人像#攝影#人像攝影#台中#外拍#棚拍#女強人#刺青#形象照#正妹#個人寫真#被?体#?真#?真好??人??????#?真撮???人??????","ywl.89
關於錄影動態的學習
很多人都說等需要時再來學
但我覺得早點準備才不會錯過機會
有的錯過就是錯過了
1 週1 個讚回覆",98,2019/12/15,237,3528,990,6,2,66
".
—
雙十二要到了又是個掃貨的日子
不過如果要買攝影設備的話
真的要三思再下手否則到貨才發現買錯就麻煩了
對於買設備有什麼疑慮的話都歡迎私訊討論
—
In frame: @uuoo__990
Hair&Makeup: @_sandy.beauty
—
#cbx_photography#nikon#photography#portraitphotography#instagood#photooftheday#cute#followme#portraits#人像#攝影#人像攝影#台中#外拍#棚拍#女強人#刺青#眼鏡#形象照#正妹#個人寫真#被?体#?真#?真好??人??????#?真撮???人??????",,174,2019/12/11,237,3528,990,6,2,66
".
—
「日常磨練」這是我昨天攝影分享主題
我覺得當學習到新的技能或是有很棒的想法
就要去付諸行動時常練習最後學以致用
這樣不管在任何領域上都能有大大的進步
—
In frame: @uuoo__990
Hair&Makeup: @_sandy.beauty
—
#cbx_photography#nikon#photography#portraitphotography#instagood#photooftheday#cute#followme#portraits#人像#攝影#人像攝影#台中#外拍#棚拍#女強人#刺青#眼鏡#形象照#正妹#個人寫真#被?体#?真#?真好??人??????#?真撮???人??????","ywl.89
??要進入地獄模式了嗎
2 週回覆",161,2019/12/9,237,3528,990,6,2,66
".
—
最近會開始嘗試拍攝男生的形象照
我覺得在姿勢引導上完全是不同邏輯
—
In frame: @uuoo__990
Hair&Makeup: @_sandy.beauty
—
#cbx_photography#nikon#photography#portraitphotography#instagood#photooftheday#cute#followme#portraits#人像#攝影#人像攝影#台中#外拍#棚拍#女強人#刺青#眼鏡#形象照#正妹#個人寫真#被?体#?真#?真好??人??????#?真撮???人??????","ywl.89
帥一波
2 週回覆
bhtan21
很酷哦我喜???????????????
2 週回覆",171,2019/12/6,237,3528,990,6,2,66
".
—
一萬次努力沒有錯
但怕是用錯了方法
尤其是攝影學錯了步步錯
所以12/8趕快來聽講座
教你怎麼用對的方式學攝影
—
In frame: @uuoo__990
Hair&Makeup: @_sandy.beauty
—
#cbx_photography#nikon#photography#portraitphotography#instagood#photooftheday#cute#followme#portraits#人像#攝影#人像攝影#台中#外拍#棚拍#女強人#刺青#眼鏡#形象照#正妹#個人寫真#被?体#?真#?真好??人??????#?真撮???人??????","_sandy.beauty
很會押韻喔
3 週回覆",132,2019/12/4,237,3528,990,6,2,66
".
—
每個人都有想改變自己的時期
想要紀錄那個轉變的開始
她的轉變是想要變成更堅強的女強人
因此就誕生了這組作品
—
In frame: @uuoo__990
Hair&Makeup: @_sandy.beauty
—
#cbx_photography#nikon#photography#portraitphotography#instagood#photooftheday#cute#followme#portraits#人像#攝影#人像攝影#台中#外拍#棚拍#女強人#刺青#眼鏡#形象照#正妹#個人寫真#被?体#?真#?真好??人??????#?真撮???人??????","musa_kaplan_2019
Humm
3 週1 個讚回覆
musa_kaplan_2019
Wow
3 週1 個讚回覆
ywl.89
??????
3 週1 個讚回覆",211,2019/12/2,237,3528,990,6,2,66
".
—
最近應該會比較少外拍
再來應該都會是棚拍的作品
打燈真的好玩但好難
—
In frame: @a_wen.0919
—
#cbx_photography#nikon#photography#portraitphotography#instagood#photooftheday#cute#followme#portraits#人像#攝影#人像攝影#高雄#外拍#夜拍#愛河#正妹#個人寫真#被?体#?真#?真好??人??????#?真撮???人??????","mimiphoto1205
臭阿???
3 週1 個讚回覆
ywl.89
膝蓋旁邊是什麼
3 週回覆
ywl.89
高雄欸??
3 週回覆",296,2019/11/30,237,3528,990,6,2,66
".
—
當興趣跟工作做結合的時候
雖然大家都覺得這樣很棒
但在結合之前必須思考看看
工作的壓力會不會澆熄你對這個興趣的熱情
—
In frame: @a_wen.0919
—
#cbx_photography#nikon#photography#portraitphotography#instagood#photooftheday#cute#followme#portraits#人像#攝影#人像攝影#高雄#外拍#夜拍#愛河#正妹#個人寫真#被?体#?真#?真好??人??????#?真撮???人??????","mimiphoto1205
臭阿?
4 週1 個讚回覆",270,2019/11/27,237,3528,990,6,2,66
".
—
路燈加上持續燈的色溫真的不好調整回來
但後面的光點真的蠻美的
—
In frame: @a_wen.0919
—
#cbx_photography#nikon#photography#portraitphotography#instagood#photooftheday#cute#followme#portraits#人像#攝影#人像攝影#高雄#外拍#夜拍#愛河#正妹#個人寫真#被?体#?真#?真好??人??????#?真撮???人??????","ywl.89
可以買愛圖仕的路燈幫助你解決
4 週回覆
mimiphoto1205
臭阿???
4 週1 個讚回覆
carl_is_a_photog
好ㄔ... 真香
4 週1 個讚回覆
a_wen.0919
我明天剛好也要發你的??就來看會不會發一樣的??
4 週1 個讚回覆
shanglongxu
??????
4 週回覆
tooruterui
??
4 週回覆
xuzhis
????????????
4 週回覆
l_l.0104
美麗
3 週回覆
jesminjs
漂亮??
2 週回覆",819,2019/11/24,237,3528,990,6,2,66
".
—
12/8 有場人像攝影講座在台中
我會上台分享攝影的心路歷程
歡迎有興趣的朋友可以私訊我
—
In frame: @ww20632
—
#cbx_photography#nikon#photography#portraitphotography#instagood#photooftheday#cute#followme#portraits#秋季#逆光#人像#攝影#人像攝影#台中#外拍#靜宜#正妹#個人寫真#被?体#?真#?真好??人??????#?真撮???人??????","lee_da_photo
為了阿修 我已經報名
4 週1 個讚回覆
poyuchien
可以學阿修的招牌馬尾了嗎??
4 週1 個讚回覆
modelmedia2019
這眼神可以
3 週回覆",478,2019/11/21,237,3528,990,6,2,66
".
—
在剛拍人像的時候
就一直很想拍出這種逆光光感
這次的光感我蠻滿意的
但就是後製皮膚處理上要多花點功夫
—
In frame: @ww20632
—
#cbx_photography#nikon#photography#portraitphotography#instagood#photooftheday#cute#followme#portraits#秋季#逆光#人像#攝影#人像攝影#台中#外拍#靜宜#正妹#個人寫真#被?体#?真#?真好??人??????#?真撮???人??????","mimiphoto1205
好美??????
5 週回覆
85.js
子渝吧
5 週回覆",233,2019/11/19,237,3528,990,6,2,66
".
—
有自信的笑容來自於潔白健康的牙齒
我相信大家應該會時常面對各種場合，尤其是與人溝通的時候更要注意口腔方面的防護
所以我會推薦高露潔全效牙膏，因為它能夠對抗細菌長達12小時提供全效且全方位的防護也可以帶來以下八大功效
??牙齦健康??清除牙菌斑
??牙齒亮白??舒緩敏感酸痛
??持久清新??琺瑯質保護
??預防蛀牙??減少牙結石發生率
如果覺得這樣還不夠的話，他也有新上市的全效漱口水不含酒精溫和不刺激，以及擁有纖細尖端刷毛的牙刷，能夠3倍深入清潔牙齦縫隙
—
In frame: @ww20632
—
本文與高露潔合作
#高露潔全效
#全口腔防護
#全面準備自信以對
—","cbx.photo
#cbx_photography#nikon#photography#portraitphotography#instagood#photooftheday#cute#followme#portraits#商業攝影#商品#人像#攝影#人像攝影#台中#外拍#牙膏#正妹#個人寫真#被?体#?真#?真好??人??????#?真撮???人??????
5 週回覆
lityler1212
好美??
5 週回覆
mimiphoto1205
牙膏也要馬尾嗎??
5 週回覆
rubychao523
業配文是不是??
5 週回覆
jundingchen2017
哈哈哈
5 週回覆
ywl.89
自信以對??
5 週回覆
d.b_niu
哇?業配文內齁哈哈哈哈哈
5 週1 個讚回覆
nicloas.tw
等等...沒有露出潔白的呀！
還我眼淚??
5 週回覆",224,2019/11/17,237,3528,990,6,2,66
".
—
這邊小小預告一下
12月在台中會有一場人像攝影的講座
雖然主講人不是我但我會上台簡短的分享攝影心得
如果有興趣的朋友們再隨時關注我的限時
或是有想聽哪類的分享都可以留言告訴我
—
In frame: @chu.me513
—
#cbx_photography#nikon#photography#portraitphotography#instagood#photooftheday#cute#followme#portraits#形象照#光影#人像#攝影#人像攝影#台中#攝影棚#外拍#個人寫真#被?体#?真#?真好??人??????#?真撮???人??????","ywl.89
這張臉好小??
5 週回覆
milk1002020
求這張燈法
5 週回覆",146,2019/11/15,237,3528,990,6,2,66
".
—
每個人的攝影之路一定都會有階段性的發展
而我也開始覺得要邁向下個階段成長了
當卡關的時候唯一的作法就是突破自我
—
In frame: @chu.me513
—
#cbx_photography#nikon#photography#portraitphotography#instagood#photooftheday#cute#followme#portraits#形象照#光影#人像#攝影#人像攝影#台中#攝影棚#外拍#個人寫真#被?体#?真#?真好??人??????#?真撮???人??????",,171,2019/11/13,237,3528,990,6,2,66
".
—
打燈真的是一個深不可測的技巧
攝影器材也是無止盡的深淵
今天雙十一又敗了幾個控燈設備
到時候再來呈現更不一樣的作品
—
In frame: @chu.me513
—
#cbx_photography#nikon#photography#portraitphotography#instagood#photooftheday#cute#followme#portraits#形象照#光影#人像#攝影#人像攝影#台中#攝影棚#外拍#個人寫真#被?体#?真#?真好??人??????#?真撮???人??????","ywl.89
錢坑??
6 週回覆
yaya_iigoer
??
6 週回覆
gentalyang_0529
第一次知道彩1身材這麼好
6 週回覆
tete00191
陪伴，就是不管你需不需要，我一直都在。只?了得到你的肯定！?????Hyanjun594 衣服??yy-22688 鞋子??kelly97988
6 週回覆
yun_chang_yun
??????
6 週回覆
xnr8897
再也不用?柜漫等?色春夏的?? 款了(☉?☉)? 搞??奢不油?的FK??????味了就是火?配沾料?????????
6 週回覆",335,2019/11/11,237,3528,990,6,2,66
".
—
關於人像攝影的構圖
畫面想表達的主題一定是人
但往往在拍攝的時候加入了太多元素
使得人物不夠凸顯讓照片的主題偏掉
像這張我故意讓窗簾佔了畫面一半
所以當看到作品時眼睛會馬上聚焦在人物上
小小的構圖分享希望每個人都能受用
—
In frame: @kziiee
—
#cbx_photography#nikon#photography#portraitphotography#instagood#photooftheday#cute#followme#portraits#日系#居家#光影#人像#攝影#人像攝影#人像蒐集#台南#可愛#攝影棚#窗簾#外拍#個人寫真#被?体#?真#?真好??人??????#?真撮???人??????","halwphoto
Nice photo, there is no need for more words, I just wanted to say ????
6 週回覆
ywl.89
????????????????
6 週1 個讚回覆
6.12.nick
?? 甜度太高了
6 週1 個讚回覆
_alvincendra_
????????
4 週回覆",310,2019/11/10,237,3528,990,6,2,66
".
—
不瞞各位其實拍這張的時候
已經下午五點沒什麼光了
是我透過相機參數以及後製
營造出太陽光很強的樣子
—
In frame: @kziiee
—
#cbx_photography#nikon#photography#portraitphotography#instagood#photooftheday#cute#followme#portraits#日系#居家#光影#人像#攝影#人像攝影#人像蒐集#台南#可愛#攝影棚#窗簾#外拍#個人寫真#被?体#?真#?真好??人??????#?真撮???人??????","xuzhis
????????
6 週回覆
ywl.89
聽說單身到30歲，不用後製，可以直接用光之魔法
6 週回覆",329,2019/11/9,237,3528,990,6,2,66
".
—
哪有民宿有這麼多好拍的景
房間裡有百葉窗
陽台外有城市景
客廳有白色窗簾
簡直是一棟攝影棚
在南部的朋友們有機會可以去拍看看
—
In frame: @kziiee
—
#cbx_photography#nikon#photography#portraitphotography#instagood#photooftheday#cute#followme#portraits#日系#居家#光影#人像#攝影#人像攝影#人像蒐集#台南#可愛#攝影棚#窗簾#外拍#個人寫真#被?体#?真#?真好??人??????#?真撮???人??????","jjanice0487
這個model好漂亮??
6 週回覆
ywl.89
有妳在，就是最美的民宿
6 週回覆",396,2019/11/8,237,3528,990,6,2,66
".
—
當你陶醉在喜愛的事情上時
城市的吵雜聲彷彿瞬間寧靜
—
In frame: @kziiee
—
#cbx_photography#nikon#photography#portraitphotography#instagood#photooftheday#cute#followme#portraits#日系#居家#光影#人像#攝影#人像攝影#人像蒐集#台南#可愛#外拍#個人寫真#被?体#?真#?真好??人??????#?真撮???人??????","vtvt19981014
人是可以快?地生活的，只是我?自己??了复?，??了?息
7 週回覆
fafa01017
(*＞??)只做最好的，只?你最好的?? （????)???????FK的所有成? ?????????qqq2704 ?????????ww9489
7 週回覆",311,2019/11/6,237,3528,990,6,2,66
".
—
分享一下光圈開到f1.4的經驗
應該大部分的人很喜歡大光圈
因為背景會更模糊主體更清楚
但其實臉部放大來看會發現
只有眼睛或是某一小點是清楚的
而非整個臉是清楚的
我個人會放大臉部來修飾所以我很少開到最大
而且這兩張其實不太準焦不知道大家有沒有發現
—
In frame: @kziiee
—
#cbx_photography#nikon#photography#portraitphotography#instagood#photooftheday#cute#followme#portraits#日系#居家#光影#人像#攝影#人像攝影#人像蒐集#台南#可愛#外拍#個人寫真#被?体#?真#?真好??人??????#?真撮???人??????","kziiee
??????超喜歡這組照片
7 週1 個讚回覆
dokwang2017
????????????
7 週1 個讚回覆
mimiphoto1205
我f1.4的鏡頭f2.2在拍，f2.8的鏡頭都f4在拍????
7 週回覆
ywl.89
單反的原罪
7 週回覆
tooruterui
??
7 週1 個讚回覆
samyang2266
以前用apsc無感 大光圈照拍 現在ff了再也不敢全開??
7 週1 個讚回覆",352,2019/11/5,237,3528,990,6,2,66
"「時下最火紅的摩天輪」
—
來訪四次終於抓到火燒雲
提醒各位假日真的爆多人
來的時候記得穿暖一點
十級風不誇張
去四次摩天輪停兩次
想搭的人先看看氣象再去
—
#台中三井outlet#摩天輪#火燒雲#風景#風景攝影#?真#?真好??人??????#?真撮???人?????? #taichung#taiwan1#taiwantrip#instameettaiwan#nikon#nikonphotography#d5500#116mm#travel#pretty#vsco#vscoedit#lightroom#visual_taiwan#promotion_taiwan#bpintaiwan#vscotaiwan#meyoutaiwan#roundtaiwanmeet#taichungtravels","joyen2.0
這個讚??????
50 週1 個讚回覆
xushumei1103
好漂亮??
50 週1 個讚回覆
dewi_lam_
好漂亮??????
49 週回覆",240,2019/1/9,237,3528,990,6,2,66
"「2018最後一道夕陽是那麼火紅」
—
這瞬間在清境的人應該都目睹了
原本是沒陽光灑落陰陰的山脈
突然短暫的陽光
吸引了所有人的目光
很幸運選擇在清境跨年
才能目睹這樣的景色
—
#清境#日落#風景#風景攝影#?真#?真好??人??????#?真撮???人?????? #taiwan1#taiwantrip#instameettaiwan#nikon#nikonphotography#d5500#1755mm#travel#pretty#vsco#vscoedit#lightroom#visual_taiwan#promotion_taiwan#bpintaiwan#vscotaiwan#meyoutaiwan#roundtaiwanmeet","85.js
@xing_an
50 週回覆",127,2019/1/7,237,3528,990,6,2,66
"「等待日出前的美景」
—
只有親身體驗才會知道
那些美炸的照片
都是用命換來的
—
#合歡山#石門山#松雪樓#日出#風景#風景攝影#?真#?真好??人??????#?真撮???人?????? #taiwan1#taiwantrip#instameettaiwan#nikon#nikonphotography#d5500#instagood#1116mm#travel#pretty#vsco#vscoedit#lightroom#visual_taiwan#promotion_taiwan#bpintaiwan#vscotaiwan#meyoutaiwan#amazingtaiwan","xing_an
等待中X前的X尻
50 週回覆",157,2019/1/4,237,3528,990,6,2,66
"「2019第一道曙光」
—
從沒想過我會這樣跨年
今年應該是最狂的一次了
為了這道曙光
睡在車上/輕微高山症/冷到狂抖
但這一切都值得了
-
2019年繼續加油
—
#合歡山#石門山#松雪樓#2019第一道曙光#新年快樂#日出#風景#風景攝影#?真#?真好??人??????#?真撮???人?????? #taiwan1#taiwantrip#instameettaiwan#nikon#nikonphotography#d5500#instagood#1116mm#travel#pretty#vsco#vscoedit#lightroom#visual_taiwan#promotion_taiwan#bpintaiwan#vscotaiwan#meyoutaiwan","loe6317
厲害唷
51 週1 個讚回覆
85.js
跪
51 週1 個讚回覆
nene___.99
你真的很狂
51 週回覆
qun.b_1225
熬這嗎久值了
51 週回覆
joannehsv
讚！??
51 週回覆
yi_yang0228
你把這裡當後院就沒問題了
51 週回覆
smile._.0527
很可以耶超美??
51 週回覆
x.y.grancy
?什么我?拍出?的合?山不一?，大佬，四??光?了
51 週1 個讚回覆
joyen2.0
好喜歡這張??
51 週回覆
yun_chang_yun
????
50 週回覆",197,2019/1/2,237,3528,990,6,2,66
"「大雪飄落告別2018」
—
這一年
認識很多人
發生很多事
決定很多改變
期望 2 0 1 9 年
在自己想走的路上
能夠順利能夠如願
預祝各位也能在新的一年
實踐自己未完成的夢想
—
#台北#板橋#新北耶誕城#聖誕樹#風景#風景攝影#?真#?真好??人??????#?真撮???人?????? #taipei#taiwan1#taiwantrip#smile#instameettaiwan#nikon#nikonphotography#d5500#instagood#1116mm#travel#pretty#vsco#vscoedit#lightroom#visual_taiwan#promotion_taiwan#bpintaiwan#vscotaiwan#meyoutaiwan#amazingtaiwan","hyehla16
加油啦??????
51 週回覆
bago999
拍的很好看????
51 週回覆
85.js
太猛了吧！
51 週回覆
jelina99
主要是??了我哈哈哈哈哈哈哈
51 週回覆
xing_an
這是洨？
51 週回覆
x.y.grancy
大雪？
51 週回覆",148,2018/12/29,237,3528,990,6,2,66
"「雪中聖誕」
—
今年聖誕大家怎麼過的呢
不管是跟朋友、愛人、家人
或是像我一樣在學校度過
都祝大家聖誕節快樂??
—
#台北#新光三越#聖誕節#聖誕樹#風景#風景攝影#?真#?真好??人??????#?真撮???人?????? #taipei#taiwan1#taiwantrip#smile#instameettaiwan#nikon#nikonphotography#d5500#instagood#50mm14#travel#pretty#vsco#vscoedit#lightroom#visual_taiwan#promotion_taiwan#bpintaiwan#vscotaiwan#meyoutaiwan","willalin1025
這會下雪超美
52 週回覆
leru0317
聖誕快樂????
52 週回覆
cbeixuan.425
??聖誕節快樂??
52 週回覆",149,2018/12/25,237,3528,990,6,2,66
"「烽火燃燒聖誕樹」
—
冬至剛過聖誕來臨
怎麼還這麼熱
—
#靜宜大學#聖誕節#聖誕樹#風景#風景攝影#?真#?真好??人??????#?真撮???人?????? #xmas#taichung#taiwan1#taiwantrip#smile#instameettaiwan#nikon#nikonphotography#d5500#instagood#50mm14#travel#pretty#vsco#vscoedit#lightroom#visual_taiwan#promotion_taiwan#bpintaiwan#vscotaiwan#amazingtaiwan#meyoutaiwan","hyehla16
I love your feed??
52 週回覆
xing_an
I fuck you??
52 週1 個讚回覆
khalileyes
Great post, check my profile, i'm sure you will like it ??
52 週回覆",105,2018/12/23,237,3528,990,6,2,66
"「秘境都不秘境了」
—
說是秘境但人都比樹多
要能拍到好的照片
只好找沒人的角落偷拍
—
#苗栗#三灣#風景#風景攝影#?真#?真好??人??????#?真撮???人?????? #miaoli#taiwan1#taiwantrip#smile#instameettaiwan#nikon#nikonphotography#d5500#instagood#50mm14#travel#pretty#vsco#vscoedit#lightroom#visual_taiwan#promotion_taiwan#bpintaiwan#vscotaiwan#meyoutaiwan","cath_su_
??????
53 週回覆
a88426370
????
52 週回覆
xing_an
現實都不現實了
52 週回覆",130,2018/12/19,237,3528,990,6,2,66
"「落羽松緩緩甦醒中」
—
現在的落羽松應該越來越紅了
想拍的人要趕快去唷
我自己也想再衝一波
—
#苗栗#三灣#風景#風景攝影#?真#?真好??人??????#?真撮???人?????? #miaoli#taiwan1#taiwantrip#smile#instameettaiwan#nikon#nikonphotography#d5500#instagood#50mm14#travel#pretty#vsco#vscoedit#lightroom#visual_taiwan#promotion_taiwan#bpintaiwan#vscotaiwan#meyoutaiwan","asami3ta
綺麗過????！???????頂???！?
53 週1 個讚回覆
mis.l_618e
衝一波
53 週回覆",110,2018/12/18,237,3528,990,6,2,66
"「陽光滋潤著整片落羽松」
—
雖然還沒全紅
但已經很好拍了
不過人真的很多
勸大家挑平日去
—
#苗栗#三灣#落羽松#風景#風景攝影#?真#?真好??人??????#?真撮???人?????? #miaoli#taiwan1#taiwantrip#smile#instameettaiwan#nikon#nikonphotography#d5500#instagood#50mm14#travel#pretty#vsco#vscoedit#lightroom#visual_taiwan#promotion_taiwan#bpintaiwan#vscotaiwan#meyoutaiwan","bago999
拍的好美??
54 週回覆
lin_ankaku
來我地盤欸
54 週回覆
dewi_lam_
好夢幻??
54 週回覆
kn.c
????????...
53 週回覆
lyxcara
??
53 週回覆",134,2018/12/12,237,3528,990,6,2,66
"「回顧」
—
每當回顧以前拍的照片時
就會覺得現在進步了不少
-
切記拍花海的時候別找假日去
滿滿的人有夠難拍的
都要找最角落沒人要去的地方
—
MD: @hyehla16
—
#彰化#花壇#花海#畢業#學士服#人像#人像攝影#?真#?真好??人??????#?真撮???人?????? #chenghua#taiwan1#taiwantrip#smile#instameettaiwan#nikon#nikonphotography#d5500#instagood#50mm14#travel#pretty#vsco#vscoedit#lightroom#visual_taiwan#promotion_taiwan#bpintaiwan#vscotaiwan","hyehla16
多揪拍呀 給你練習????
54 週回覆",129,2018/12/6,237,3528,990,6,2,66
"「不同視角」
—
偶爾蹲下來拍照
會有不一樣的感覺
-
在花海裡哪裡都好拍
找一天要去花博拍一波
—
MD: @hyehla16
—
#彰化#花壇#畢業#學士服#人像#人像攝影#?真#?真好??人??????#?真撮???人?????? #chenghua#taiwan1#taiwantrip#smile#instameettaiwan#nikon#nikonphotography#d5500#instagood#50mm14#travel#pretty#vsco#vscoedit#lightroom#visual_taiwan#promotion_taiwan#bpintaiwan#vscotaiwan",,120,2018/12/4,237,3528,990,6,2,66
"「迷茫」
—
大四到畢業的階段
總是最迷茫的時候
-
來發個很久之前拍的照片
可惜那時候去已經不紫了
—
MD: @hyehla16
—
#彰化#花壇#畢業#學士服#人像#人像攝影#?真#?真好??人??????#?真撮???人?????? #changhua#taiwan1#taiwantrip#smile#instameettaiwan#nikon#nikonphotography#d5500#instagood#50mm14#travel#pretty#vsco#vscoedit#lightroom#visual_taiwan#promotion_taiwan#bpintaiwan","hyehla16
Thx dude, I really love it and I hope that we can have another shot ASAP??
55 週回覆
benjamin.fu_kai0230
我有一顆八羽怪可以借你拍這景 哈哈
55 週回覆",104,2018/12/2,237,3528,990,6,2,66
"「期盼」
—
童話世界裡的公主
每個都在等待
拯救她的那道光
-
最近可能都比較常發人像
沒時間去衝景要等12月了
—
MD: @bffy__vanny1001
—
#靜宜大學#人像#人像攝影#?真#?真好??人??????#?真撮???人?????? #providenceuniversity#taichung#taiwan1#taiwantrip#smile#instameettaiwan#nikon#nikonphotography#d5500#instagood#30mm14#travel#pretty#vsco#vscoedit#lightroom#visual_taiwan#promotion_taiwan#bpintaiwan","aphritemedia
This is a good picture but I don’t know if it is because of good lighting or place… maybe composition ????
55 週1 個讚回覆
v32z
I liked your photos :) Greetings from other side of the world ??
55 週1 個讚回覆
xing_an
I liked your photos??but I’m hungry. Do you have money？
55 週3 個讚回覆
adventure.at
?
55 週1 個讚回覆
leo.86_kr
什麼時候也幫我拍一張??
55 週回覆",113,2018/11/29,237,3528,990,6,2,66
"「回眸」
—
眾里尋他千百度
驀然回首，那人卻在
燈火闌珊處
-
中午的光雖然硬
但灑落在森林中
也是別有一番風味
—
MD: @bffy__vanny1001
—
#靜宜大學#人像#人像攝影#?真#?真好??人??????#?真撮???人?????? #providenceuniversity#taichung#taiwan1#taiwantrip#smile#instameettaiwan#nikon#nikonphotography#d5500#instagood#30mm14#travel#pretty#vsco#vscoedit#lightroom#visual_taiwan#promotion_taiwan#bpintaiwan","boomgarcia
So epic! If you have time, please drop by my page & let's follow each other! Lets connect! ??
56 週1 個讚回覆
mis.l_618e
這不是我的一抹青玉嗎??
56 週回覆",121,2018/11/27,237,3528,990,6,2,66
"「祈求」
—
願這次選舉結束後
台灣能有更好的未來
雖然公投不如預期
但至少柯P當選了
-
第一次幫路人拍照
沒想到拍的很好
拍照缺的不是模特
缺的是有沒有勇氣
—
MD: @bffy__vanny1001
—
#靜宜大學#人像#人像攝影#?真#?真好??人??????#?真撮???人?????? #providenceuniversity#taichung#taiwan1#taiwantrip#smile#instameettaiwan#nikon#nikonphotography#d5500#instagood#30mm14#travel#pretty#vsco#vscoedit#lightroom#visual_taiwan#promotion_taiwan#bpintaiwan","85.js
抱歉 我孬
56 週回覆
a88426370
懂拍
56 週2 個讚回覆",128,2018/11/25,237,3528,990,6,2,66
"「日落的速度」
—
雲飛的速度
日落的速度
是你永遠追不到
就像過日子的速度
也是你感受不到
-
相信靜宜的同學們
應該昨天都有看到這次的日落
真是美的不像話
而且每天都有不同的變化
—
#靜宜大學#日落#火燒雲#風景攝影#?真#?真好??人??????#?真撮???人?????? #providenceuniversity#taichung#taiwan#taiwan1#taiwantrip#smile#instameettaiwan#nikon#nikonphotography#d5500#instagood#1755mm#travel#pretty#vsco#vscoedit#photoshop#lightroom#visual_taiwan#promotion_taiwan#photoguava_taiwan#bpintaiwan","salilinn
??????
56 週1 個讚回覆",143,2018/11/22,237,3528,990,6,2,66
"「友情」
—
大學四年即將進入尾聲
大一熟識的朋友們
現在你們還有聯絡嗎
不過有沒有都別讓自己留下遺憾
-
一個人也可以
多個人也可以
想約拍學士服照
歡迎找我幫你/妳記錄
—
MD: @salilinn @xian.0530 @maomao_lin520 @a.nings_life
—
#靜宜大學#鵲橋#學士服#畢業#人像#人像攝影#?真#?真好??人??????#?真撮???人?????? #taichung#taiwan#taiwan1#taiwantrip#smile#instameettaiwan#nikon#nikonphotography#d5500#instagood#1755mm#travel#pretty#vsco#vscoedit#photoshop#lightroom#visual_taiwan#promotion_taiwan#bpintaiwan","lin_ankaku
拍我拍我哈哈哈哈哈哈??
56 週1 個讚回覆
xing_an
男生是不是不行
56 週回覆
yi_yang0228
??
56 週回覆
a88426370
如果我畢業的時候也有人可以幫拍應該能留下很好的照片吧
56 週回覆",148,2018/11/22,237,3528,990,6,2,66
"「光之穹頂」
—
驚艷的藝術作品
講述著人的故事
-
終於有機會來朝聖
真的很壯觀
每個路過的人一定會停下來拍照
好險我用慢快門不然都是人
—
#高雄#捷運#美麗島站#光之穹頂#風景攝影#?真#?真好??人??????#?真撮???人?????? #taiwan#taiwan1#taiwantrip#instameettaiwan#nikon#nikonphotography#d5500#instagood#1755mm#travel#pretty#vsco#vscoedit#photoshop#lightroom#visual_taiwan#promotion_taiwan#photoguava_taiwan#bpintaiwan#taiwantravel","85.js
少一個模特
57 週回覆",129,2018/11/18,237,3528,990,6,2,66
"「學士服系列」
—
不知道從什麼時候開始
就喜歡幫別人紀錄生活
覺得那是一件滿有趣的事
-
一個人也可以
多個人也可以
想約拍學士服照
歡迎找我幫你/妳記錄
—
MD: @salilinn @xian.0530 @maomao_lin520 @a.nings_life
—
#靜宜大學#學士服#畢業#人像#人像攝影#?真#?真好??人??????#?真撮???人?????? #taichung#taiwan#taiwan1#taiwantrip#smile#instameettaiwan#nikon#nikonphotography#d5500#instagood#1755mm#travel#pretty#vsco#vscoedit#photoshop#lightroom#visual_taiwan#promotion_taiwan#photoguava_taiwan#bpintaiwan","thestrayshoes
Awesome content! See my feed ????
57 週回覆",139,2018/11/16,237,3528,990,6,2,66
"「田中馬拉松吉祥物」
—
一年一度的大賽事
每次都聚集全台各地的跑者
讓田中變得非常熱鬧
而且田中人非常熱情
幾乎每戶人家都出來
為跑者們加油
這應該就是跟別的路跑
不一樣的地方
—
#彰化#田中鎮#田中馬拉松#風景攝影#?真#?真好??人??????#?真撮???人?????? #chungha#taiwan#taiwan1#taiwantrip#instameettaiwan#nikon#nikonphotography#d5500#instagood#1755mm#travel#pretty#vsco#vscoedit#photoshop#lightroom#visual_taiwan#promotion_taiwan#photoguava_taiwan#bpintaiwan","instaproletarian
The pic is really great.
58 週回覆
yc_xiang
?? ??
58 週回覆
bingych
??
56 週回覆",96,2018/11/13,237,3528,990,6,2,66
"「笑」
—
不管遇到什麼難題
我們都要記得笑
因為它能帶來滿滿的正能量
-
想要有美照換大頭貼或發文嗎
告訴我你的想法，讓我來幫你
有興趣可以私訊我
—
MD: @pigpig.ning
—
#靜宜大學#人像攝影#?真#?真好??人??????#?真撮???人?????? #providenceuniversity#taichung#taiwan#taiwan1#taiwantrip#smile#instameettaiwan#nikon#nikonphotography#d5500#instagood#50mm#travel#pretty#vsco#vscoedit#photoshop#lightroom#visual_taiwan#promotion_taiwan#photoguava_taiwan#bpintaiwan","xing_an
我想要變成彭于晏 可以嗎？
58 週回覆
yiiiihan
我要變陳意涵
58 週1 個讚回覆
85.js
幫我弄成彭于晏
58 週回覆
a88426370
私
58 週回覆
bibo_bibi
幫我拍成田馥甄
58 週回覆",119,2018/11/9,237,3528,990,6,2,66
"「澎湖花火節煙火」
—
製作煙火圖是件很有趣的事
或多或少會有些不自然
但只要是自己喜歡就好
一起來創作屬於你/妳的煙火
-
十分鐘的煙火真的很壯觀
但風真的是拍煙火的敵人
今年瘋狂地飛澎湖兩次
也算是沒有遺憾了
—
#澎湖#觀音亭#澎湖花火節#風景攝影#煙火#?真#?真好??人??????#?真撮???人?????? #taiwan#taiwan1#taiwantrip#instameettaiwan#nikon#nikonphotography#d5500#instagood#1116mm#travel#pretty#vsco#vscoedit#photoshop#lightroom#visual_taiwan#promotion_taiwan#bpintaiwan","85.js
我也要我的煙火
59 週回覆
yi_yang0228
澎湖煙火廠商我認識，可是都抓到時間去
59 週回覆
ttweditor
哈囉您好我是ReadyGo ( @taiwantravelmap) 的編輯，我們想介紹這個地方，覺得您的相片很棒，想請問是否能授權我們分享至文章及粉專上，我們會標明您的IG帳號，謝謝您~
41 週回覆",111,2018/11/6,237,3528,990,6,2,66
"「世界末日」
—
末日來臨之前
你/妳，想和誰一起
-
萬聖節應景一下
來張剛處理好的照片
大家學士服都拿到了嗎
如果開始找人拍照
歡迎找我幫你/妳紀錄
—
MD: @salilinn @xian.0530 @maomao_lin520 @a.nings_life
感謝一群好相處不怕鏡頭的模特們
才有這張好照片
—
#萬聖節快樂#靜宜大學#畢業#學士服#?真#?真好??人??????#?真撮???人?????? #providenceuniversity#taiwan#taiwan1#taiwantrip#instameettaiwan#nikon#nikonphotography#d5500#instagood#1755mm#travel#pretty#vsco#vscoedit#photoshop#lightroom#visual_taiwan#promotion_taiwan#bpintaiwan","a.n_i_n_g
超讚的????
60 週回覆
maomao_lin520
??
60 週回覆
salilinn
電影宣傳照
60 週回覆
yolo06l2
我想要學士服
60 週回覆
85.js
有點猛
60 週回覆
pigpig.ning
還好你沒不是放那張 要不然就真的是萬聖節很恐怖的笑容了??
60 週回覆
whitewhaleboy
????
59 週回覆",111,2018/10/31,237,3528,990,6,2,66
"「日月潭花火節煙火」
—
拍煙火的有趣之處就在於
過程中可以跟各路好手交流
上週來日月潭攻煙火失敗
這次終於讓我捕抓到了
真的很多大顆煙火
美的無話可說
可惜我只有捕抓到幾顆
-
終於有一張好看的煙火照
煙火修圖好難人生更難
有很多瑕疵的地方
還請大家見諒了
—
#南投#伊達邵#日月潭花火節#煙火#?真#?真好??人??????#?真撮???人?????? #nantou#taiwan#taiwan1#taiwantrip#instameettaiwan#nikon#nikonphotography#d5500#instagood#1116mm#travel#pretty#vsco#vscoedit#photoshop#lightroom#visual_taiwan#promotion_taiwan#photoguava_taiwan#bpintaiwan","salilinn
很美∼
60 週回覆
papercrane_square
美炸
60 週回覆
wantogo_travel
您好我是「好想去喔」的文章編輯，最近想要撰寫相關景點，
您這篇照片拍攝的非常美麗，想請問您是否能同意授權照片讓我們分享在文章或貼文內呢？上面會直接顯示您的帳號，將文章分享在我們的粉絲團，另外每一張照片都有機會被我們編輯文章封面做為景點代表，期待您的回覆哦！
2 週回覆
poptour_mag
您好！我們是 @Poptour_mag，想要介紹這個地方，請問您是否能同意授權，讓我們分享在平台上呢？皆會清楚標示來源，標記您的帳號唷：）期待回覆，謝謝
1 週回覆",116,2018/10/28,237,3528,990,6,2,66
"「通往幸福的道路」
—
有人認為婚姻是愛情墳墓
有人認為幸福是步入禮堂
不管如何遇見對的人比較重要
你/妳怎麼認為呢
-
很幸運能有機會拍到這畫面
感謝 @hyehla16
下次記得再帶我去
—
#彰化#溪湖#婚紗#婚紗攝影#人像#人像攝影#?真#?真好??人??????#?真撮???人?????? #changhua#taiwan#taiwan1#taiwantrip#instameettaiwan#nikon#nikonphotography#d5500#instagood#2470mm#travel#pretty#vsco#vscoedit#photoshop#lightroom#visual_taiwan#promotion_taiwan#photoguava_taiwan#bpintaiwan","hyehla16
走呀衝一波
61 週回覆
fukami1111
?????素敵??真?投稿??仲間?探?????????????下??? ?????私???????????????見???????
61 週回覆
d.b_niu
哇∼∼∼好美
61 週回覆",105,2018/10/23,237,3528,990,6,2,66
"「台中爵士音樂節」
—
享受爵士遠離城市
最後一天趕快席地而坐
-
那天星期五滿滿的人潮
幾乎大家都在這天發限時
或許你/妳就在我的鏡頭裡
—
#勤美#勤美誠品#台中爵士音樂節#爵士音樂節#音樂#風景攝影#?真#?真好??人??????#?真撮???人?????? #taichung#taiwan#taiwan1#taiwantrip#instameettaiwan#nikon#nikonphotography#d5500#instagood#1116mm#travel#pretty#vsco#vscoedit#photoshop#lightroom#visual_taiwan#promotion_taiwan#photoguava_taiwan#bpintaiwan#taichungtravels","lily870719
美??
61 週回覆
carla030900
我在裡面??
61 週回覆
ixuan_1996
應該是有找到我了吧
61 週回覆
85.js
這是哪個視角？？？？最好給我說出點喔
61 週回覆
mis.l_618e
這是空拍的嗎！好酷唷！
61 週回覆",120,2018/10/21,237,3528,990,6,2,66
"「銀河雲海」
—
第一次上合歡山
就滿足了兩個願望
不過合歡山真的到哪裡都很好拍
—
#合歡山#武嶺#雲海#銀河#星空#風景攝影#?真#?真好??人??????#?真撮???人?????? #taiwan#taiwan1#taiwantrip#instameettaiwan#nikon#nikonphotography#d5500#instagood#1116mm#travel#pretty#vsco#vscoedit#photoshop#lightroom#visual_taiwan#promotion_taiwan#photoguava_taiwan#bpintaiwan","syu_asahi
學長你相機是不是有設定長曝抗噪，記得把那個取消喔，你的銀河被修掉很多部分
62 週回覆
mingyin0304
我覺得少了一個人 下次可以帶上我??
62 週回覆
rubychao523
讓我想到「你的名字」的場景
62 週回覆
benchen23
??????
62 週回覆",129,2018/10/16,237,3528,990,6,2,66
"「銀河」
世上最美的一座橋。
—
原來用肉眼就可以看到銀河是真的
而這張是半路下車抬頭看到的景色
立馬拿出相機按下快門
終於達成了我的小小心願
這裡真的很誇張一堆星星看到飽
多到會起雞皮疙瘩
有空一定找時間再去一次
—
#合歡山#武嶺#星空#銀河#風景攝影#?真#?真好??人??????#?真撮???人?????? #taiwan#taiwan1#taiwantrip#instameettaiwan#nikon#nikonphotography#d5500#instagood#1116mm#travel#pretty#vsco#vscoedit#photoshop#lightroom#visual_taiwan","85.js
求帶拍
62 週回覆
rubychao523
很美耶
62 週回覆
yolo06l2
為什麼我看到的都是雲
62 週回覆
yiiiihan
想看
62 週回覆
mis.l_618e
想去??
62 週回覆
benchen23
EPL8可以拍出這樣嗎
62 週回覆
visual_taiwan
so cool ??
44 週1 個讚回覆",115,2018/10/11,237,3528,990,6,2,66
"「怎麼了」
人們時常回答沒事但往往都有事不說。
—
這天本來拍完裡面就要走了
但突然發現外面的樓梯蠻好拍的
隨手就拍了幾張就覺得這張特有感
最近事情太多要抽出時間來拍照真難
—
MD: @niu_______
—
#炎生caff?#彰化#人像#人像攝影#?真#?真好??人??????#?真撮???人?????? #changhua#taiwan#taiwan1#taiwantrip#instameettaiwan#nikon#nikonphotography#d5500#instagood#50mm#travel#pretty#vsco#vscoedit#photoshop#lightroom#visual_taiwan","benjamin.fu_kai0230
缺男模嗎
63 週回覆
a88426370
我已經算不清了
63 週2 個讚回覆",95,2018/10/6,237,3528,990,6,2,66
"「月光星軌」
拍得很像流星雨。
—
這天星星很多又沒雲應該算好拍的
但有月亮真的很煩，只能這樣呈現
上次看過合歡山的星星後
就覺得這程度的星星沒什麼
之後會來發超美的銀河照
大家就會知道我的感覺了
—
#靜宜#靜宜大學#靜宜之美#靜宜鵲橋#鵲橋#台中#星空#風景攝影#?真#?真好??人??????#?真撮???人?????? #providenceuniversity#taichung#taiwan#taiwan1#taiwantrip#instameettaiwan#nikon#nikonphotography#d5500#instagood#1116mm#travel#pretty#vsco#vscoedit#photoshop#lightroom#visual_taiwan","mis.l_618e
求教學 不過看過敦煌的星星 就覺得台灣的星星沒什麼了??????
64 週回覆
syu_asahi
我第一次照銀河就是在武嶺，所以後面也都是只在山上拍xD
64 週回覆
puphoto_club
我覺得可以來投靜宜之美的攝影比賽 蠻特別的題材！！??
59 週回覆",120,2018/10/2,237,3528,990,6,2,66
"「月牙灣公園」
號稱是台中嘉明湖。
—
第一次來拍就有霞光
真的是很幸運
但我更想拍到的是火燒雲??
只好下次再去一次了
—
#月牙灣公園#台中#台中嘉明湖#霞光#風景攝影#?真#?真好??人??????#?真撮???人?????? #taichung#taiwan#taiwantrip#instameettaiwan#nikon#nikonphotography#d5500#instagood#1685mm#travel#pretty#vsco#vscoedit#photoshop#lightroom#visual_taiwan#view_taiwan#taiwan1","viasavva
keep going :))
64 週1 個讚回覆
mis.l_618e
該衝囉
64 週回覆
benchen23
Where is it?
64 週回覆",104,2018/9/29,237,3528,990,6,2,66
"「小提琴演奏」
這場演出連觀眾都看入神。
—
這張我覺得是上次工作中最有意境的一張
真的很感謝Angel給我這次接案的經驗
也很感動你們這麼肯定我的作品
最後我只想跟大家說
『機會是自己所爭取的』
—
MD: @angel_of_violin
—
#三井#表演#活動攝影#人像攝影#?真#?真好??人??????#?真撮???人?????? #taipei#taiwan#taiwantrip#instameettaiwan#nikon#nikonphotography#d5500#instagood#1685mm#travel#pretty#vsco#vscoedit#photoshop#lightroom#visual_taiwan#violin","angel_of_violin
謝謝你，你真的拍得好棒，之後有機會再找你來幫我拍照 :)
65 週回覆
bingqi.liu
該幫我們拍一張了
65 週回覆",94,2018/9/25,237,3528,990,6,2,66
"「鵲橋星軌」
屬於靜宜的星軌。
—
第一次嘗試拍攝星軌就獻給靜宜了
最近空氣很差星軌沒辦法很壯觀
下次等空氣好點再來拍攝
—
#靜宜#靜宜大學#靜宜之美#靜宜鵲橋#鵲橋#風景攝影#星空#?真#?真好??人??????#?真撮???人?????? #providenceuniversity#taichung#taiwan#taiwantrip#instameettaiwan#nikon#nikonphotography#d5500#instagood#1116mm#travel#pretty#vsco#vscoedit#photoshop#lightroom#visual_taiwan","traveler.santosasouls
Hi! Great feed! Great travel pics too! You are living the dream??Let’s like all our pics and follow for follow?????????
65 週回覆
_zero_pcs_
Follow me ??
65 週回覆
amy99lai
原來鵲橋星軌也拍得起來呀
65 週回覆",116,2018/9/23,237,3528,990,6,2,66
"「高美星空」
高美除了日落也有星空。
—
我想應該蠻少人來高美拍星空
下次等空氣好一點再來這拍星軌
—
#高美濕地#星空#風景攝影#?真#?真好??人??????#?真撮???人?????? #taichung#taiwan#taiwantrip#instameettaiwan#nikon#nikonphotography#d5500#instagood#1116mm#travel#pretty#vsco #vscoedit#photoshop#lightroom#visual_taiwan","americano_tan
這張超美!
65 週回覆
elysian_photography_by_jg
Beautiful
65 週1 個讚回覆
benjamin.fu_kai0230
Raw嗎
65 週回覆",121,2018/9/21,237,3528,990,6,2,66
"「享受」
寧靜地感受風的吹拂。
—
有時候拋下工作
享受一下大自然
能讓思緒更清晰
為自己安排一場旅行好好去玩吧
—
MD: @niu_______
—
#人像攝影#人像#?真#寫真#抓拍#日系#小清新#?真好??人??????#?真撮???人?????? #taiwan#taiwantrip#instameettaiwan#nikon#nikonphotography#d5500#instagood#50mm#travel#pretty#prettygirls#vsco #vscoedit#photoshop#lightroom","benjamin.fu_kai0230
風呢 哈哈
66 週回覆",92,2018/9/16,237,3528,990,6,2,66
"「無限車軌」
時光飛逝，沒有盡頭。
—
拍車軌的有趣之處
可以捕捉到各種顏色
以及右道亂竄的機車
—
#台中工業區#車軌#星芒#風景#風景攝影#?真#taichung#taiwan#taiwantrip#instameettaiwan#nikon#nikonphotography#d5500#instagood#1116mm#travel#vsco#vscoedit#photoshop##lightroom","iahwei.lin
Cool??
67 週回覆",105,2018/9/12,237,3528,990,6,2,66
"「澎湖花火節煙火」
澎湖一年一度盛大煙火秀。
—
剛好安排到澎湖玩
剛好花火節有加場
這次拍的沒有很好
只好這樣玩
十月底有點想再衝澎湖拍
不過還是先攻日月潭的煙火
—
#澎湖花火節#煙火#龍門碼頭#風景攝影#penghu#taiwan#taiwantrip#instameettaiwan#nikon#nikonphotography#d5500#instagood#1116mm#travel#vsco #vscoedit#photoshop#lightroom","riccardosurianodp
??????
67 週1 個讚回覆
una_lien
為什麼有加場我不知道
67 週回覆
yi_yang0228
猛的??
67 週回覆
_taeyeon_0822_
拍上癮了??
67 週回覆
ryley_morton
I think you did a great job of the composition. Love the shot.
67 週回覆",91,2018/9/8,237,3528,990,6,2,66
"「你在盼望什麼」
是自己的成長還是別人的幫助。
—
有些人靠著自己闖事業
凡事不懂靠自己解決問題
有些人等待機會出頭天
就像等老師說出答案一樣
.
你/妳，是哪種人呢
—
MD: niu_______
—
#寫真#?真#人像#人像攝影#taiwan#taiwantrip#instameettaiwan#nikon#nikonphotography#d5500#instagood#35mm#travel#prettygirl#vsco #vscoedit#photoshop#lightroom","wyber_
好棒??????
68 週回覆
mooka926
?( ^?^)?不錯
68 週回覆
a88426370
我ㄋ
68 週1 個讚回覆",86,2018/9/1,237,3528,990,6,2,66
"「車軌」
慢快門記錄著人眼所看不到的美景。
—
以前還沒開始玩攝影的時候
看到這種照片總覺得很神奇
不過知道背後的技術之後
其實蠻簡單的但還是很好玩
—
#沙鹿之翼#車軌#風景#風景攝影#星芒#taichung#taiwan#taiwantrip#instameettaiwan#nikon#nikonphotography#d5500#instagood#1685mm#travel#vsco #vscoedit#photoshop#lightroom","rubychao523
最近在學攝影哦？
68 週回覆",94,2018/8/30,237,3528,990,6,2,66
"「倒影」
反映水中的城市之美。
—
最近一直下雨天氣很差
拜託老天爺趕快放晴
我想出去拍晚霞∼
—
#風景攝影#國家歌劇院#倒影#車軌#taichung#taiwan#taiwantrip#instameettaiwan#nikon#nikonphotography#d5500#instagood#1685mm#travel#vsco #vscoedit#photoshop#lightroom","jerrychen_0726
這個有厲害喔
69 週1 個讚回覆
yi_yang0228
飽和度太高
69 週回覆
dylan.chiang
強欸
69 週回覆
americano_tan
這張超好看欸
69 週回覆
visual_taiwan
great pic ????
65 週回覆",92,2018/8/28,237,3528,990,6,2,66
"「街頭藝人」
是一個夢想與現實互相拉扯的職業。
—
第一次遇到這麼害羞的表演者
演奏完傻傻地笑著
沒跟觀眾有任何談話
但是小提琴拉得很好
有興趣者歡迎追蹤????
—
MD: @angel_of_violin
—
#淡水#人像攝影#寫真#?真#街拍#taipei#taiwan#taiwantrip#instameettaiwan#nikon#nikonphotography#d5500#instagood#35mm#travel#vsco #vscoedit#photoshop#lightroom","photos_by_phil
Thans for having a relly nice gallery. I see you put some work into your photos. #photosbyphil
69 週回覆
d.b_niu
還打廣告勒∼∼∼
69 週回覆
benjamin.fu_kai0230
猛猛der
69 週1 個讚回覆
brendanwixtedphoto
?
69 週回覆
a88426370
你是不是去搭訕人家
69 週1 個讚回覆
adventure.at
?
69 週回覆",102,2018/8/25,237,3528,990,6,2,66
